{"cameraMode":{"drawMode":0,"name":"Shaded","section":"Shading Mode"},"sceneLighting":true,"audioPlay":false,"sceneViewState":{"m_AlwaysRefresh":false,"showFog":true,"showSkybox":true,"showFlares":true,"showImageEffects":true,"showParticleSystems":true,"showVisualEffectGraphs":true,"m_FxEnabled":true},"in2DMode":false,"pivot":{"x":-0.2415693700313568,"y":0.5931105613708496,"z":3.867737293243408},"rotation":{"x":0.14413167536258698,"y":-0.05933582782745361,"z":0.008658293634653092,"w":0.9877404570579529},"size":4.599739074707031,"orthographic":false}